Variable,Hip-FCI,Hip-FCI,Hip-FCI,Hip-FCI,Hip-FCI,Hip-FCI,Hip-FCI,Hip-FCI,Hip-FCS,Hip-FCS,Hip-FCS,Hip-FCS,Hip-FCS,Hip-FCS,Hip-FCS,Hip-FCS,Hip-NOI,Hip-NOI,Hip-NOI,Hip-NOI,Hip-NOI,Hip-NOI,Hip-NOI,Hip-NOI,Hip-NOS,Hip-NOS,Hip-NOS,Hip-NOS,Hip-NOS,Hip-NOS,Hip-NOS,Hip-NOS
LysoMG(16:0) ,-0.049430393,0.024045632,0.131213031,0.327187882,0.097167415,0.115824867,0.3386477,-0.006886869,0.171194033,0.170771791,0.055652071,0.186684108,0.202540481,0.264967911,0.25927485,0.114712482,-0.064075829,0.152592088,-0.050454602,0.050867023,-3.116186132,-3.223407992,0.176624439,0.149429483,-0.014425083,-0.017346577,0.16957888,0.058026698,-0.051070347,0.284894462,-0.021876669,-0.030118862
LysoMG(18:0),0.067359201,0.125199766,0.179461238,0.342586182,0.140177368,0.068499281,0.343220288,0.091772339,0.191514732,0.142943912,0.138213534,0.199221741,0.153793071,0.292528547,0.203608143,0.101325759,0.027458162,0.186787225,-0.00539652,0.082523336,-3.345438684,-3.717359596,0.15504129,0.10199189,-0.016569102,-0.006312494,0.134380825,0.084647924,-0.012398306,0.253346571,0.060115705,0.060811365
LysoMG(20:4),0.526676881,0.171288877,-0.093051934,-0.199694994,0.424781488,0.226664612,0.093933923,-0.2009507,0.105601818,0.160635106,0.090309513,-0.411640861,0.022812867,-0.065206351,-0.257048017,0.194719077,0.689297532,0.080268613,0.63562129,0.728134645,-0.043461387,-0.240652262,0.136896016,0.298720453,0.205317419,0.714996914,-0.029884456,0.454855435,1.189770632,-0.39470516,0.251542241,0.463944451
LysoMG(20:4),0.122916463,-0.229454707,-0.23926045,-0.953194258,-0.231752313,-0.514461435,-0.734868183,-0.123525158,-0.47273073,-0.184300698,-0.132006339,-0.847384077,-0.211427936,-0.509185228,-0.443786461,0.056972595,-0.12339467,-0.691210071,-0.113223529,0.004539658,-0.391600077,-0.541404709,-0.315306038,-0.204329663,-0.254733947,-0.243373591,-0.05038954,-0.024185285,0.018884935,-0.789384037,-0.04471872,-0.50882824
LysoMG(22:6),-0.290881064,-0.098047828,-0.630351953,-0.854098704,-0.543624192,-0.703680612,-1.02264023,-0.154201726,-0.539535538,-0.59451606,-0.060713013,-0.58488033,-0.049741325,-0.739004583,-0.326108446,-0.267297314,0.20186477,-0.968570578,-0.16574229,-0.242402288,-0.287248167,-0.01560945,-0.173215232,-0.274728846,-0.178757789,0.063289572,-0.150883613,-0.200778376,0.040606833,-0.820345736,-0.31331602,-0.416642219
