Variable,Hip-FCI,Hip-FCI,Hip-FCI,Hip-FCI,Hip-FCI,Hip-FCI,Hip-FCI,Hip-FCI,Hip-FCS,Hip-FCS,Hip-FCS,Hip-FCS,Hip-FCS,Hip-FCS,Hip-FCS,Hip-FCS,Hip-NOI,Hip-NOI,Hip-NOI,Hip-NOI,Hip-NOI,Hip-NOI,Hip-NOI,Hip-NOI,Hip-NOS,Hip-NOS,Hip-NOS,Hip-NOS,Hip-NOS,Hip-NOS,Hip-NOS,Hip-NOS
SM(d14:0/26:1),0.600286065,-0.111041419,-0.324093816,-1.38860605,0.591408463,0.035430246,-0.87140039,0.53244733,0.134578066,-0.343424588,-0.184269329,-0.134236283,-0.299884707,-0.2645381,-0.639947214,0.013963689,0.087627189,-0.000962888,-0.31186544,0.404787748,0.671813196,0.337893736,0.194695741,-0.03188653,0.382570175,-0.129797334,-0.10192067,0.646588518,0.662197591,-0.535242738,0.555066486,0.489166825
SM(d16:1/26:1),0.163937673,0.106986482,-0.361607521,-1.206390945,0.115700921,0.261716713,-0.885359738,-0.012552991,-0.245621782,-0.098943295,-0.044568048,-0.301880576,-0.245254494,-0.699064781,-0.96305177,-0.026582571,0.258837594,0.204976944,0.155687158,-0.025232901,-0.095735301,0.038593881,-0.227523215,-0.048906353,0.393809916,0.079086006,-0.097236926,0.032467597,0.47960659,-0.627363714,0.286739131,-0.171129414
SM(d18:0/18:1),0.201507548,0.156006961,0.196641346,0.589668859,0.280080724,-0.1183589,0.196086488,0.153324896,0.290416282,0.035519124,0.081325777,0.412593204,0.239012782,0.340100622,0.538723524,-0.223007793,-0.120738445,0.082313136,-0.014813711,0.085137775,0.410023391,0.388265219,0.324108506,-0.009476355,-0.094027921,0.052912844,0.219572977,0.249420838,0.053031525,0.380619485,-0.055097102,0.396234393
SM(d18:1/16:0),0.582133494,0.20233474,-0.138621939,-0.547934946,0.171919934,-0.383144113,-1.025698113,0.275890078,-0.014112744,-0.212377036,0.122620079,-0.115992482,-0.129346419,-0.613896165,0.059534963,-0.071681831,0.38561789,-0.466838403,0.144148662,0.340520746,0.119462547,0.335094803,-0.055762341,-0.163549473,0.527612916,0.345624983,-0.032624627,0.438728174,0.222903488,-0.692984398,0.039300506,0.346716738
SM(d18:1/18:1),0.357554197,0.194748899,0.037719515,0.266758262,0.2025883,0.126464389,-0.260309089,0.244492384,-0.49006826,-0.157407728,-0.042559309,-0.0418333,0.104294463,-0.400743131,0.376297579,-0.077379069,0.070484762,-0.511744122,0.247821678,0.27970656,-0.181711973,0.100868631,0.182510782,-0.162253571,0.157253558,0.30795855,-0.278861016,0.306209038,0.100164785,-0.180758809,0.001324133,-0.211827755
